Symbol,Name,Category,Open,High,Low,Close,Volume,IndexClose,CVI,LTI,STI,VI,SecState,VWRS,VWRS_1wk,RS,GapDown,Thermostat,Days
GLDM,SPDR Gold MiniShares,Precious Metal,52.560001373291016,52.60499954223633,52.22999954223633,52.349998474121094,1773247.0,603.9099731445312,86.0,1.0,4.0,4.0,6.0,0.00026343094102837164,0.0003348666725275049,-1.0,0.0,2.0,6.0
GLD,SPDR Gold Trust,Precious Metal,244.9600067138672,245.17999267578125,243.3000030517578,243.9499969482422,3016677.0,603.9099731445312,86.0,1.0,4.0,4.0,6.0,0.0002595252898489598,0.00032757578033916474,-1.0,0.0,2.0,6.0
XLF,Financial Select Sector SPDR,Sector,51.130001068115234,51.130001068115234,50.45000076293945,50.470001220703125,46410985.0,603.9099731445312,89.0,1.0,1.0,3.0,3.0,0.0006731382473554484,0.0006606103862122416,-1.0,0.0,1.0,72.0
XLB,Materials Select Sector SPDR,Sector,95.0999984741211,95.18000030517578,94.25,94.38999938964844,5457167.0,603.9099731445312,63.0,1.0,1.0,1.0,1.0,0.00012130869135396436,0.00010087690982393057,-1.0,0.0,1.0,72.0
XLC,Communication Services Sector ETF,Sector,99.29000091552734,100.05999755859375,99.16000366210938,100.01000213623047,2928082.0,603.9099731445312,66.0,1.0,1.0,1.0,1.0,0.0007975760158046722,0.0006599180524175279,1.0,0.0,1.0,71.0
XLE,Energy Select Sector SPDR,Sector,95.12999725341797,95.30000305175781,94.10070037841797,94.48999786376953,8773796.0,603.9099731445312,90.0,1.0,1.0,3.0,3.0,0.0002645255046836989,0.00027673079904474556,-1.0,0.0,1.0,19.0
XLI,Industrial Select Sector SPDR,Sector,142.97999572753906,143.22000122070312,141.55499267578125,142.02999877929688,4469554.0,603.9099731445312,75.0,1.0,1.0,1.0,1.0,0.0005140486224595124,0.0004920754448921859,-1.0,0.0,1.0,72.0
XLK,Technology Select Sector SPDR,Sector,234.9499969482422,236.85499572753906,234.5,236.8000030517578,2746305.0,603.9099731445312,104.0,1.0,4.0,1.0,2.0,0.00018489350601324532,0.00019871629031003048,1.0,0.0,2.0,53.0
XLP,Consumer Staples Select Sector SPDR,Sector,83.05000305175781,83.11000061035156,82.54000091552734,82.69000244140625,10978323.0,603.9099731445312,48.0,1.0,1.0,1.0,1.0,0.0004099084460226885,0.00026254206216453735,-1.0,0.0,1.0,77.0
XLRE,SPDR S&P Real Estate ETF,Sector,44.36000061035156,44.45000076293945,44.03499984741211,44.060001373291016,3904027.0,603.9099731445312,77.0,1.0,1.0,4.0,5.0,0.00046426438311255295,0.00047962783951561354,-1.0,0.0,2.0,71.0
XLU,Utilities Select Sector SPDR,Sector,81.63999938964844,81.9000015258789,80.43000030517578,80.45999908447266,9398544.0,603.9099731445312,84.0,1.0,1.0,4.0,5.0,0.00040085277558784215,0.0004348422989645131,-1.0,0.0,2.0,77.0
XLV,Health Care Select Sector SPDR,Sector,147.13999938964844,147.42999267578125,146.74000549316406,146.77999877929688,4184324.0,603.9099731445312,57.0,1.0,4.0,1.0,2.0,-6.997906526022434e-05,-0.00017658030394878332,-1.0,0.0,2.0,75.0
XLY,Consumer Discretionary Select Sector SPDR,Sector,223.8000030517578,224.1999969482422,222.86000061035156,224.19000244140625,3467670.0,603.9099731445312,93.0,1.0,1.0,3.0,3.0,0.0007734866598685231,0.0006726704784603251,1.0,0.0,1.0,75.0
FPE,First Trust Preferred Securities and Income ETF,Income,17.950000762939453,17.959999084472656,17.93000030517578,17.959999084472656,960705.0,603.9099731445312,20.0,1.0,4.0,1.0,2.0,0.000517951316928921,0.00040506581457143984,-1.0,0.0,2.0,77.0
SPYV,SPDR Large Cap Value,Style,55.0099983215332,55.060001373291016,54.599998474121094,54.599998474121094,1890727.0,603.9099731445312,52.0,1.0,1.0,1.0,1.0,0.0005801766388307157,0.0005453349965400597,-1.0,0.0,1.0,76.0
EWI,Italy Index,Region,36.56999969482422,36.696800231933594,36.5,36.650001525878906,522276.0,603.9099731445312,75.0,1.0,1.0,1.0,1.0,-0.00021436946487826062,-0.0002859651995998999,1.0,0.0,1.0,76.0
EPU,iShares MSCI All Peru Capped ETF,Region,43.08000183105469,43.5099983215332,43.064998626708984,43.38999938964844,6855.0,603.9099731445312,92.0,1.0,4.0,1.0,2.0,7.48828238720447e-05,6.377896983518319e-05,-1.0,0.0,2.0,50.0
DGT,SPDR Global Dow ETF,Style,138.16000366210938,138.4600067138672,138.10499572753906,138.3300018310547,4283.0,603.9099731445312,51.0,1.0,1.0,1.0,1.0,0.00031215168736211155,0.00019419311810459292,-1.0,0.0,1.0,77.0
FEZ,SPDR Euro STOXX 50 ETF,Region,48.88999938964844,49.15999984741211,48.755001068115234,49.040000915527344,1274038.0,603.9099731445312,82.0,4.0,4.0,3.0,10.0,-0.00024031307842039984,-0.0003831761255392786,1.0,0.0,2.0,15.0
VRP,Variable Rate Pref,Income,24.43000030517578,24.479999542236328,24.42889976501465,24.459999084472656,436684.0,603.9099731445312,21.0,1.0,1.0,1.0,1.0,0.0005937729506417582,0.0005636858133236088,-1.0,0.0,1.0,74.0
XHB,SPDR Homebuilders ETF,Industry,122.91000366210938,123.3499984741211,121.5,122.27999877929688,978287.0,603.9099731445312,118.0,1.0,1.0,3.0,3.0,0.000291338428809747,0.0002736361440440386,-1.0,0.0,1.0,72.0
PBJ,Dynamic Food & Beverage,Industry,48.959999084472656,48.935001373291016,48.72999954223633,48.93000030517578,8308.0,603.9099731445312,54.0,1.0,1.0,1.0,1.0,0.00039342282944531087,0.00025744607874963305,-1.0,0.0,1.0,56.0
^GSPC,S&P 500 Index,Style,6042.97021484375,6052.06982421875,6033.39013671875,6049.8798828125,2576036000.0,603.9099731445312,60.0,1.0,1.0,1.0,1.0,0.0004940522084358501,0.00045287963738255824,-1.0,0.0,1.0,73.0
SPY,SPDR S&P 500 ETF,Style,603.3900146484375,604.1599731445312,602.3410034179688,603.9099731445312,24047355.0,603.9099731445312,59.0,1.0,1.0,1.0,1.0,0.0005273545432906728,0.00047598224904654105,1.0,0.0,1.0,77.0
ITA,US Aerospace & Defense,Industry,153.35000610351562,153.79730224609375,152.8350067138672,153.41000366210938,298280.0,603.9099731445312,98.0,1.0,1.0,4.0,5.0,0.00026712426996335255,0.00025759987711168153,-1.0,0.0,2.0,17.0
EQL,Equal Sector Weight ETF,Style,132.9199981689453,132.6999969482422,132.32980346679688,132.61000061035156,3260.0,603.9099731445312,47.0,1.0,1.0,1.0,1.0,0.000686271678314191,0.0006184605933739815,-1.0,0.0,1.0,75.0
IWB,Russell 1000 Index FUnd,Style,333.0799865722656,333.3800048828125,332.3900146484375,333.1700134277344,452032.0,603.9099731445312,61.0,1.0,1.0,1.0,1.0,0.0005568326550957825,0.0005152797577542991,1.0,0.0,1.0,77.0
IOO,iShares Global 100 ETF,Style,100.93000030517578,101.36000061035156,100.875,101.33000183105469,90850.0,603.9099731445312,66.0,1.0,1.0,1.0,1.0,0.00019322062603486647,0.00014260634256900876,1.0,0.0,1.0,50.0
KIE,SPDR S&P Insurance ETF,Industry,61.5099983215332,61.63999938964844,60.95000076293945,61.16999816894531,490118.0,603.9099731445312,83.0,1.0,1.0,3.0,3.0,0.0006675456517666843,0.000597397408419336,-1.0,0.0,1.0,8.0
MDYG,SPDR S&P 400 Mid Cap Growth ETF,Style,94.12000274658203,94.1500015258789,93.49250030517578,93.97000122070312,89967.0,603.9099731445312,82.0,1.0,1.0,4.0,5.0,0.0004174108503146123,0.0003830616371481785,-1.0,0.0,2.0,55.0
EZU,EMU Index,Region,48.040000915527344,48.27190017700195,47.91999816894531,48.150001525878906,1520711.0,603.9099731445312,77.0,4.0,4.0,3.0,10.0,-0.0002464900439248041,-0.0003803759051392505,1.0,0.0,2.0,15.0
IAI,iShares U.S. Broker-Dealers ETF,Industry,152.64999389648438,153.30999755859375,152.0850067138672,152.22000122070312,109808.0,603.9099731445312,107.0,1.0,1.0,3.0,3.0,0.0007423376530452818,0.0007411180057246188,-1.0,0.0,1.0,72.0
DBA,Invesco DB Agriculture Fund,Industry,26.540000915527344,26.550100326538086,26.432300567626953,26.440000534057617,414818.0,603.9099731445312,67.0,1.0,1.0,1.0,1.0,0.00028561767539329175,0.0002121397643404123,-1.0,0.0,1.0,77.0
ENFR,Alerian Energy Infrastructure ETF,Industry,32.529998779296875,32.52619934082031,32.22999954223633,32.439998626708984,66335.0,603.9099731445312,82.0,1.0,1.0,4.0,5.0,0.0009323252280055576,0.0010391736920349916,-1.0,0.0,2.0,73.0
SPGM,SPDR Portfolio MSCI Global Stock Market ETF,Style,66.19999694824219,66.23999786376953,65.96240234375,66.20999908447266,31525.0,603.9099731445312,56.0,1.0,4.0,1.0,2.0,0.00038668558858239674,0.000299942255637068,1.0,0.0,1.0,67.0
RSP,Equal Weight S&P 500,Style,187.14999389648438,187.3800048828125,186.1199951171875,186.32000732421875,8452423.0,603.9099731445312,55.0,1.0,1.0,1.0,1.0,0.0006084289924944384,0.000551443062342534,-1.0,0.0,1.0,77.0
ITB,US Home Construction,Industry,123.5199966430664,123.98999786376953,122.45999908447266,123.12000274658203,427374.0,603.9099731445312,128.0,1.0,1.0,4.0,5.0,0.00024809993497546516,0.00022185868676236176,-1.0,0.0,2.0,73.0
EWN,Netherlands Index,Region,45.70000076293945,46.119998931884766,45.75,45.959999084472656,277498.0,603.9099731445312,90.0,4.0,1.0,1.0,7.0,-0.0003541495294929159,-0.0004785285430413274,1.0,0.0,1.0,1.0
OUSA,O'Shares FTSE US Quality Dividend,Style,55.470001220703125,55.472599029541016,55.185001373291016,55.27000045776367,24210.0,603.9099731445312,47.0,1.0,1.0,1.0,1.0,0.0006090661335426513,0.0005484283495621028,-1.0,0.0,1.0,77.0
FM,MSCI Frontier 100 Index Fund,Region,27.56999969482422,27.59000015258789,27.5447998046875,27.584999084472656,9685.0,603.9099731445312,19.0,1.0,4.0,1.0,2.0,-2.273837820309617e-05,-4.716484250883734e-05,-1.0,0.0,2.0,77.0
DIA,Dow Jones Industrial Average ETF,Style,449.1499938964844,449.55999755859375,446.6099853515625,447.8900146484375,1617793.0,603.9099731445312,62.0,1.0,1.0,1.0,1.0,0.0006360342609350312,0.0005616031548791944,-1.0,0.0,1.0,77.0
EWP,Spain Index,Region,33.13999938964844,33.2400016784668,33.0099983215332,33.099998474121094,396725.0,603.9099731445312,89.0,1.0,4.0,3.0,4.0,-5.7759606530550936e-05,-0.00012968689845635958,1.0,0.0,2.0,19.0
SPEU,SPDR Portfolio Europe ETF,Region,41.27000045776367,41.3849983215332,41.15010070800781,41.2599983215332,143712.0,603.9099731445312,66.0,4.0,4.0,1.0,8.0,-0.00023459844833092114,-0.00036921714505000063,1.0,0.0,2.0,15.0
EFA,iShares MSCI EAFE ETF,Style,79.70999908447266,79.87000274658203,79.40499877929688,79.63999938964844,12804947.0,603.9099731445312,65.0,1.0,1.0,1.0,1.0,-8.816894775466509e-05,-0.00025926834157893224,1.0,0.0,1.0,3.0
SPDW,EAFE-State Street,Style,36.040000915527344,36.13999938964844,35.88290023803711,36.06999969482422,3224806.0,603.9099731445312,63.0,1.0,4.0,1.0,2.0,-2.7629409899591174e-05,-0.0001797934945737302,1.0,0.0,1.0,75.0
SPMD,SPDR Midcap,Style,59.0,59.08000183105469,58.57500076293945,58.779998779296875,829834.0,603.9099731445312,82.0,1.0,1.0,4.0,5.0,0.0004932734368819648,0.00046661065833845895,-1.0,0.0,2.0,55.0
MDY,SPDR MidCap Trust Series I,Style,613.4600219726562,614.9099731445312,609.8900146484375,612.0700073242188,785080.0,603.9099731445312,81.0,1.0,1.0,3.0,3.0,0.000491780108604234,0.00046230494941013517,-1.0,0.0,1.0,54.0
IWF,Russell 1000 Growth,Style,401.3800048828125,404.4800109863281,400.8210144042969,404.20001220703125,2253604.0,603.9099731445312,83.0,1.0,1.0,3.0,3.0,0.0004228099578381936,0.00038429884701267363,1.0,0.0,1.0,46.0
IGM,iShares North American Tech ETF,Industry,102.19000244140625,103.16999816894531,102.11499786376953,103.16000366210938,217877.0,603.9099731445312,97.0,1.0,1.0,1.0,1.0,0.0003348327581563773,0.0003157486029275363,1.0,0.0,1.0,77.0
CUT,Timber ETF,Commodity,34.650001525878906,34.75,34.65010070800781,34.7400016784668,1536.0,603.9099731445312,66.0,1.0,1.0,1.0,1.0,0.00018145012672983473,1.1355164637281761e-05,-1.0,0.0,1.0,73.0
SDY,SPDR S&P Dividend,Style,143.4600067138672,143.40499877929688,142.08999633789062,142.11000061035156,239013.0,603.9099731445312,47.0,1.0,1.0,1.0,1.0,0.0005257964639183308,0.00048507074096785407,-1.0,0.0,1.0,77.0
CWI,SPDR MSCI ACWI ex-US ETF,Region,29.25,29.379899978637695,29.100000381469727,29.25,242695.0,603.9099731445312,68.0,1.0,1.0,1.0,1.0,-3.4031073905675227e-06,-0.00011219121989466653,1.0,0.0,1.0,77.0
SPYG,SPDR Large Cap Growth,Style,87.93000030517578,88.51499938964844,87.83000183105469,88.45999908447266,1655354.0,603.9099731445312,82.0,1.0,1.0,3.0,3.0,0.0004022478166526642,0.00036712083435107355,1.0,0.0,1.0,36.0
VEA,Europe Pacific,Region,50.529998779296875,50.68519973754883,50.334999084472656,50.560001373291016,10315355.0,603.9099731445312,63.0,1.0,1.0,1.0,1.0,-3.1644292316511075e-05,-0.00018628173850145945,1.0,0.0,1.0,75.0
TDIV,NASDAQ Technology Dividend Index Fund,Style,80.4800033569336,80.80000305175781,80.45539855957031,80.80000305175781,87034.0,603.9099731445312,84.0,1.0,1.0,3.0,3.0,0.0001966761216718714,0.0002117677542702208,1.0,0.0,1.0,53.0
EWQ,France Index,Region,36.15999984741211,36.255001068115234,36.01499938964844,36.16999816894531,862952.0,603.9099731445312,83.0,4.0,4.0,3.0,10.0,-0.00038932408136272556,-0.00048436654190551825,-1.0,0.0,2.0,43.0
PCY,Emerging Mkts Debt,Income,20.809999465942383,20.799999237060547,20.719999313354492,20.75,232800.0,603.9099731445312,47.0,1.0,1.0,1.0,1.0,0.00023273291098748614,8.633504373125715e-05,-1.0,0.0,1.0,77.0
CGW,S&P Global Water Index ETF,Commodity,59.84000015258789,60.04999923706055,59.75,59.79999923706055,21020.0,603.9099731445312,59.0,1.0,1.0,1.0,1.0,0.0001713610832085456,8.954747746409119e-05,-1.0,0.0,1.0,9.0
EPOL,iShares MSCI Poland Capped ETF,Region,22.31999969482422,22.3700008392334,22.174999237060547,22.329999923706055,91231.0,603.9099731445312,117.0,4.0,4.0,4.0,12.0,-0.0001317738373248426,-0.0003249505860992014,1.0,0.0,4.0,43.0
ARGT,FTSE Argentina 20 ETF,Region,84.58000183105469,85.05000305175781,83.5199966430664,83.91999816894531,381899.0,603.9099731445312,114.0,1.0,1.0,1.0,1.0,0.000999456573618861,0.000856342920452249,1.0,0.0,1.0,77.0
COPX,Copper Miners ETF,Commodity,43.09000015258789,43.345001220703125,42.529998779296875,42.7400016784668,1178076.0,603.9099731445312,173.0,1.0,4.0,4.0,6.0,-0.00011965080065826071,-0.00016990187271599214,-1.0,0.0,4.0,36.0
FDN,DJ Internet Index Fund,Industry,243.3699951171875,245.9199981689453,242.9250030517578,245.69000244140625,322386.0,603.9099731445312,88.0,1.0,1.0,3.0,3.0,0.0007424403763429247,0.0006815496981215744,1.0,0.0,1.0,55.0
XRT,SPDR S&P Retail ETF,Industry,83.30000305175781,83.61000061035156,82.75,83.25,2831433.0,603.9099731445312,102.0,1.0,1.0,4.0,5.0,0.0003284089436262805,0.00025724093094037497,1.0,0.0,1.0,53.0
QQQ,Invesco QQQ Trust,Style,513.9199829101562,517.1400146484375,513.3699951171875,516.8699951171875,16666155.0,603.9099731445312,85.0,1.0,1.0,3.0,3.0,0.00032774608173449614,0.0002910690946915193,1.0,0.0,1.0,53.0
EWW,Mexico,Region,50.4900016784668,51.060001373291016,50.34000015258789,50.880001068115234,1794364.0,603.9099731445312,109.0,4.0,4.0,1.0,8.0,-0.00029938527833766037,-0.00044450188698039774,1.0,0.0,4.0,27.0
EMTL,SPDR Emerging Market Fixed Income,Income,42.689998626708984,42.709999084472656,42.68880081176758,42.69499969482422,8728.0,603.9099731445312,12.0,1.0,1.0,1.0,1.0,0.0006682979462321659,0.0005104085206014724,-1.0,0.0,1.0,77.0
DVY,Select Dividend,Style,142.22999572753906,142.38999938964844,140.9499969482422,141.0,331734.0,603.9099731445312,61.0,1.0,1.0,1.0,1.0,0.0007396411292187474,0.0007208780808894651,-1.0,0.0,1.0,75.0
XAR,SPDR S&P Aerospace & Defense ETF,Industry,172.63999938964844,172.8300018310547,171.50999450683594,172.08999633789062,87389.0,603.9099731445312,107.0,1.0,1.0,4.0,5.0,0.0005168187959381388,0.00048707877723957576,-1.0,0.0,2.0,17.0
PGX,Preferred Portfolio,Income,11.880000114440918,11.949999809265137,11.864999771118164,11.899999618530273,3475516.0,603.9099731445312,47.0,1.0,4.0,1.0,2.0,0.00014797578355641022,0.0001435857355582926,-1.0,0.0,2.0,77.0
SCZ,MSCI EAFE Small-Cap ETF,Style,64.16999816894531,64.29000091552734,63.97999954223633,64.16000366210938,747423.0,603.9099731445312,67.0,1.0,1.0,1.0,1.0,-3.218977160872142e-07,-0.0002019387116252589,1.0,0.0,1.0,3.0
QQEW,NASDAQ-100 Equal Weighted Index Fund,Style,132.35000610351562,132.35000610351562,131.88999938964844,132.08999633789062,27385.0,603.9099731445312,75.0,1.0,1.0,1.0,1.0,0.00031807952756688636,0.0002689349149680621,1.0,0.0,1.0,48.0
SIL,Silver Miners ETF,Industry,37.22999954223633,38.38999938964844,37.27000045776367,38.08000183105469,1061053.0,603.9099731445312,188.0,1.0,1.0,4.0,5.0,0.0001472466153144247,7.492372978402028e-05,1.0,0.0,1.0,1.0
QTEC,NASDAQ-100-Technology Sector Index Fund,Style,199.02000427246094,200.08999633789062,199.02000427246094,199.58999633789062,82549.0,603.9099731445312,118.0,1.0,1.0,3.0,3.0,0.00010400727501072414,9.440594747054418e-05,1.0,0.0,1.0,53.0
FDD,STOXX European Select Dividend Index Fund,Region,11.6899995803833,11.70989990234375,11.640000343322754,11.640000343322754,94052.0,603.9099731445312,74.0,1.0,4.0,1.0,2.0,-0.00011241626307359416,-0.00023095707554648287,-1.0,0.0,2.0,15.0
EWO,Austria Index,Region,21.163700103759766,21.16670036315918,21.059999465942383,21.06999969482422,2311.0,603.9099731445312,77.0,4.0,4.0,3.0,10.0,-0.0002409630664289157,-0.000319188196402092,-1.0,0.0,2.0,14.0
MDYV,SPDR S&P 400 Mid Cap Value ETF,Style,86.30999755859375,86.45880126953125,85.55999755859375,85.81999969482422,115784.0,603.9099731445312,84.0,1.0,1.0,3.0,3.0,0.0005618986231599149,0.0005390050487487322,-1.0,0.0,1.0,71.0
XOP,SPDR S&P Oil & Gas Explor & Product,Industry,144.74000549316406,145.36000061035156,143.16000366210938,143.94000244140625,1347594.0,603.9099731445312,116.0,1.0,1.0,4.0,5.0,0.00010939833038947351,0.00012511708215588485,-1.0,0.0,2.0,8.0
FCG,ISE-Revere Natural Gas Index Fund,Commodity,25.84000015258789,25.8700008392334,25.56999969482422,25.809999465942383,353059.0,603.9099731445312,117.0,1.0,1.0,4.0,5.0,9.470207236794839e-05,9.86194535872064e-05,-1.0,0.0,2.0,8.0
EIS,iShares MSCI Israel Capped ETF,Region,74.9000015258789,75.7699966430664,75.33000183105469,75.69000244140625,15908.0,603.9099731445312,90.0,1.0,1.0,1.0,1.0,0.0006952600714148463,0.000636813700018556,1.0,0.0,1.0,77.0
EDIV,SPDR S&P Emerging Markets Dividend ETF TIR,Style,35.470001220703125,35.560001373291016,35.29199981689453,35.560001373291016,95579.0,603.9099731445312,61.0,1.0,1.0,1.0,1.0,-3.377366847578683e-05,4.699404612651549e-06,-1.0,0.0,1.0,77.0
GDX,Market Vectors TR Gold Miners,Industry,37.099998474121094,38.119998931884766,37.099998474121094,37.70000076293945,18155036.0,603.9099731445312,159.0,1.0,4.0,4.0,6.0,-1.918974584831734e-06,4.366323378998012e-05,-1.0,0.0,4.0,16.0
EWD,Sweden Index,Region,39.150001525878906,39.2599983215332,38.9900016784668,39.22999954223633,108176.0,603.9099731445312,92.0,4.0,4.0,3.0,10.0,-0.00022469842843726004,-0.0003441929659761002,1.0,0.0,4.0,17.0
SLV,Silver Trust,Commodity,28.229999542236328,28.329099655151367,27.989999771118164,28.280000686645508,13090437.0,603.9099731445312,154.0,1.0,4.0,3.0,4.0,-1.9139999378152882e-05,8.816962958611538e-06,1.0,0.0,2.0,19.0
IHI,iShares U.S. Medical Devices ETF,Industry,60.65999984741211,60.769901275634766,60.33000183105469,60.70000076293945,357598.0,603.9099731445312,61.0,1.0,1.0,1.0,1.0,0.00033908230532105646,0.0003417521477274725,-1.0,0.0,1.0,72.0
SPFF,Super Preferred Dividend,Income,9.779999732971191,9.775400161743164,9.729999542236328,9.744999885559082,30316.0,603.9099731445312,38.0,1.0,1.0,1.0,1.0,0.000508367072152512,0.0004057826063428088,-1.0,1.0,1.0,70.0
XME,SPDR S&P Metals & Mining ETF,Industry,68.76000213623047,69.05000305175781,68.23999786376953,68.45999908447266,780706.0,603.9099731445312,135.0,1.0,1.0,3.0,3.0,0.00029839031038704787,0.00023535994291846822,-1.0,0.0,1.0,52.0
JXI,iShares Global Utilities ETF,Industry,69.25,69.48999786376953,68.66999816894531,68.66999816894531,6740.0,603.9099731445312,69.0,1.0,1.0,1.0,1.0,0.0003110909591308479,0.0002843329699584278,-1.0,0.0,1.0,10.0
SKYY,ISE Cloud Computing Index Fund,Industry,122.31999969482422,123.44000244140625,121.66000366210938,123.33000183105469,121688.0,603.9099731445312,112.0,1.0,1.0,4.0,5.0,0.0008080142877629884,0.0008189155514815751,1.0,0.0,1.0,53.0
KBE,SPDR S&P Bank ETF,Industry,61.41999816894531,61.59000015258789,60.58000183105469,60.7599983215332,1627590.0,603.9099731445312,161.0,1.0,1.0,4.0,5.0,0.0005777927124318576,0.0005675745542395409,-1.0,0.0,2.0,53.0
QQXT,NASDAQ-100 Ex-Technology Sector Index,Style,98.27999877929688,98.49459838867188,98.27999877929688,98.49459838867188,36662.0,603.9099731445312,56.0,1.0,1.0,1.0,1.0,0.0005783787153333614,0.00048610211952000167,-1.0,0.0,1.0,77.0
CWB,SPDR Convertible,Income,81.37000274658203,81.63999938964844,81.29000091552734,81.30000305175781,1455580.0,603.9099731445312,44.0,1.0,1.0,1.0,1.0,0.0009272471735216853,0.0008637661910398836,-1.0,0.0,1.0,76.0
EWA,Australia Index,Region,26.34000015258789,26.405000686645508,26.230899810791016,26.290000915527344,1745171.0,603.9099731445312,79.0,1.0,1.0,3.0,3.0,0.00020705159186540337,0.00017624834997283595,-1.0,0.0,1.0,75.0
SLYG,SPDR S&P 600 Small Cap Growth ETF,Style,100.20999908447266,100.27999877929688,99.34140014648438,99.62000274658203,208465.0,603.9099731445312,104.0,1.0,1.0,4.0,5.0,0.0004545848862716282,0.0003864297757955276,-1.0,0.0,2.0,55.0
IDV,iShares International Select Dividend ETF,Style,28.649999618530273,28.729999542236328,28.5,28.559999465942383,554136.0,603.9099731445312,67.0,1.0,4.0,1.0,2.0,4.6960571366832966e-06,-0.0001275847166417494,-1.0,0.0,2.0,3.0
DIV,SuperDividend U.S. ETF,Style,19.18000030517578,19.270000457763672,19.114999771118164,19.149999618530273,151135.0,603.9099731445312,50.0,1.0,1.0,1.0,1.0,0.0006761750719047337,0.0006125327110088293,-1.0,0.0,1.0,72.0
WDIV,SPDR S&P Global Dividend ETF,Style,65.9000015258789,65.86499786376953,65.61990356445312,65.69999694824219,9184.0,603.9099731445312,46.0,1.0,1.0,1.0,1.0,0.00047236875236182505,0.0003867481502884079,-1.0,0.0,1.0,77.0
SPEM,State Street Emerging Markets,Style,39.66999816894531,39.790000915527344,39.529998779296875,39.779998779296875,2109416.0,603.9099731445312,78.0,1.0,4.0,1.0,2.0,8.29651697241576e-05,3.718076453719424e-05,-1.0,0.0,2.0,34.0
IWM,Russell 2000 Index,Style,241.5399932861328,242.13999938964844,239.38499450683594,240.05999755859375,19359512.0,603.9099731445312,106.0,1.0,1.0,4.0,5.0,0.0004951143742513653,0.00044595463050926067,-1.0,0.0,2.0,55.0
IBND,SPDR Intl Corp Bond,Income,29.1200008392334,29.450000762939453,29.1200008392334,29.149999618530273,14294.0,603.9099731445312,38.0,1.0,1.0,1.0,1.0,7.865385311108824e-05,-0.00017094259119040608,-1.0,0.0,1.0,77.0
EWM,Malaysia,Region,24.479999542236328,24.530000686645508,24.3799991607666,24.510000228881836,495570.0,603.9099731445312,63.0,1.0,4.0,1.0,2.0,0.00010022527044681205,4.9491230961311475e-05,-1.0,0.0,2.0,23.0
NLR,Market Vectors Uranium+Nuclear Energy ETF,Commodity,93.61000061035156,93.61000061035156,92.0,92.55000305175781,389474.0,603.9099731445312,156.0,1.0,1.0,4.0,5.0,0.00021719134027055296,0.000298680409161883,-1.0,0.0,2.0,8.0
PICB,International Corporate Bond Portfolio,Income,22.31999969482422,22.29599952697754,22.209999084472656,22.280000686645508,84199.0,603.9099731445312,40.0,1.0,1.0,1.0,1.0,3.9612678620155776e-05,-0.00019058045175246135,-1.0,0.0,1.0,77.0
EEM,iShares MSCI Emerging Markets ETF,Style,43.2599983215332,43.54999923706055,43.099998474121094,43.540000915527344,48035717.0,603.9099731445312,81.0,1.0,4.0,1.0,2.0,-3.0964698169962914e-05,-5.049113754489979e-05,-1.0,0.0,2.0,34.0
SLX,Market Vectors Steel Index ETF Fund,Commodity,71.29000091552734,71.29499816894531,70.76339721679688,70.75,2222.0,603.9099731445312,124.0,1.0,1.0,4.0,5.0,0.0001721428360655204,8.093806480492391e-05,-1.0,0.0,2.0,19.0
EPHE,iShares MSCI Philippines ETF,Region,26.040000915527344,26.05299949645996,25.87019920349121,26.040000915527344,224719.0,603.9099731445312,90.0,4.0,4.0,4.0,12.0,-4.535374662567053e-05,3.0999443977626784e-07,-1.0,0.0,4.0,13.0
EWY,South Korea,Region,54.58000183105469,56.04999923706055,52.67499923706055,55.810001373291016,42253964.0,603.9099731445312,118.0,4.0,4.0,3.0,10.0,-0.0003563140776463886,-0.00026132212824608777,-1.0,1.0,4.0,35.0
PID,Intl Dividend Ach,Style,19.399999618530273,19.489999771118164,19.38010025024414,19.43000030517578,88530.0,603.9099731445312,49.0,1.0,4.0,1.0,2.0,0.00025781226244928426,0.00021929907603410352,-1.0,0.0,2.0,77.0
EWK,Belgium Index,Region,19.06999969482422,19.06999969482422,19.030000686645508,19.040000915527344,44190.0,603.9099731445312,68.0,1.0,4.0,1.0,2.0,-0.00011001052735209468,-0.0002110161462025216,-1.0,0.0,2.0,15.0
JNK,SPDR High Yield Bond,Income,96.79000091552734,96.91000366210938,96.75409698486328,96.80999755859375,1808227.0,603.9099731445312,18.0,1.0,1.0,1.0,1.0,0.0007876652310567573,0.0006834000066490522,-1.0,0.0,1.0,77.0
SBIO,Biotech/Pharma,Industry,39.04999923706055,38.94350051879883,38.17499923706055,38.29999923706055,6491.0,603.9099731445312,146.0,1.0,4.0,4.0,6.0,0.00016189693340703292,0.00015230537669448101,-1.0,0.0,4.0,12.0
INDY,S&P India Nifty Fifty Index Fund,Region,53.06999969482422,53.160499572753906,52.88999938964844,53.10499954223633,48531.0,603.9099731445312,62.0,1.0,4.0,1.0,2.0,-2.8034171112120888e-05,-6.82596404288304e-05,-1.0,0.0,2.0,6.0
GMF,SPDR S&P Emerging Asia Pacific ETF,Region,118.44999694824219,118.83309936523438,118.375,118.80000305175781,7951.0,603.9099731445312,90.0,1.0,1.0,1.0,1.0,7.397534196595674e-05,3.19798827184652e-05,1.0,0.0,1.0,1.0
FSZ,Switzerland,Region,65.58999633789062,65.58999633789062,65.58999633789062,65.58999633789062,123.0,603.9099731445312,68.0,1.0,4.0,1.0,2.0,-9.495802229787932e-05,-0.0002107192009389132,-1.0,1.0,2.0,3.0
XBI,SPDR S&P Biotech ETF,Industry,99.04000091552734,99.33000183105469,97.56999969482422,97.69000244140625,6447558.0,603.9099731445312,121.0,1.0,4.0,4.0,6.0,0.00011113261817624616,4.106205374388426e-05,-1.0,0.0,4.0,13.0
LQD,iShares iBoxx $ Investment Grade Corporate Bond ETF,Income,110.45999908447266,110.54000091552734,109.9000015258789,109.94999694824219,25614221.0,603.9099731445312,37.0,1.0,1.0,1.0,1.0,0.0002888502622312226,8.160331235664539e-05,-1.0,0.0,1.0,77.0
TIP,iShares TIPS,Income,108.66999816894531,108.7261962890625,108.4800033569336,108.55999755859375,2072437.0,603.9099731445312,21.0,1.0,1.0,1.0,1.0,0.0002905118482506926,6.326126240489487e-05,-1.0,0.0,1.0,77.0
FTGC,Global Tactical Commodity,Commodity,23.6299991607666,23.69930076599121,23.540000915527344,23.6299991607666,289484.0,603.9099731445312,61.0,1.0,1.0,1.0,1.0,3.0337164719981237e-06,1.7931450158305734e-05,-1.0,0.0,1.0,70.0
ILF,iShares Latin America 40 ETF,Region,22.979999542236328,23.155000686645508,22.95199966430664,23.09000015258789,1030205.0,603.9099731445312,81.0,4.0,4.0,1.0,8.0,-0.0003647541061714737,-0.0003018743856272306,-1.0,0.0,2.0,43.0
XSD,SPDR S&P Semiconductor ETF,Industry,254.16000366210938,258.80999755859375,254.16000366210938,257.80999755859375,48720.0,603.9099731445312,175.0,1.0,1.0,3.0,3.0,7.240233751649186e-05,-1.8308276096875944e-05,1.0,0.0,1.0,2.0
RWX,SPDR DJ Wilshire Intl Real Estate TIR,Industry,24.59000015258789,24.655000686645508,24.481700897216797,24.559999465942383,94579.0,603.9099731445312,67.0,4.0,4.0,1.0,8.0,-0.00012163084842436429,-0.0003171735749339581,-1.0,0.0,2.0,30.0
DWX,International Dividend TIR,Style,36.849998474121094,36.90190124511719,36.7599983215332,36.810001373291016,24695.0,603.9099731445312,48.0,1.0,4.0,1.0,2.0,0.00022904983133654704,9.050803548743601e-05,-1.0,0.0,2.0,77.0
XHS,SPDR S&P Health Care Services ETF,Industry,97.02999877929688,97.02999877929688,97.02999877929688,97.02999877929688,499.0,603.9099731445312,97.0,1.0,1.0,4.0,5.0,0.00017066463640849053,0.00011196524093310082,-1.0,1.0,2.0,6.0
GSG,GSCI Commodity-Indexed Trust Fund,Commodity,21.170000076293945,21.299999237060547,21.114999771118164,21.270000457763672,160755.0,603.9099731445312,86.0,4.0,1.0,3.0,9.0,-7.579302587419126e-05,-6.240695204372655e-05,-1.0,0.0,2.0,35.0
XSW,SPDR S&P Software & Services ETF,Industry,193.72000122070312,195.27000427246094,193.47999572753906,195.1699981689453,20486.0,603.9099731445312,116.0,1.0,1.0,4.0,5.0,0.0008049199515159834,0.000794094538507001,1.0,0.0,1.0,55.0
VEGI,MSCI Global Agriculture Producers ETF,Industry,38.88669967651367,38.9099006652832,38.7400016784668,38.7599983215332,9321.0,603.9099731445312,70.0,1.0,1.0,1.0,1.0,0.00033689097410131817,0.00019432433487627372,1.0,0.0,1.0,68.0
FAN,ISE Global Wind Energy Index Fund,Industry,15.90999984741211,15.952300071716309,15.880999565124512,15.899999618530273,94678.0,603.9099731445312,105.0,4.0,1.0,4.0,11.0,-0.0002274836047812292,-0.0003365274819430203,-1.0,0.0,2.0,19.0
EWT,Taiwan,Region,53.93000030517578,54.400001525878906,53.650001525878906,54.400001525878906,2397946.0,603.9099731445312,106.0,1.0,4.0,3.0,4.0,-2.7158430750144635e-06,8.519653608201926e-05,1.0,0.0,2.0,48.0
URA,Uranium ETF,Commodity,32.09000015258789,32.02000045776367,31.2549991607666,31.889999389648438,2100412.0,603.9099731445312,175.0,1.0,4.0,4.0,6.0,0.0001384279753348025,0.0001935944384491062,-1.0,0.0,4.0,21.0
GYLD,Dow Jones Global Yield ETF,Style,13.140000343322754,13.18910026550293,13.100000381469727,13.136699676513672,15920.0,603.9099731445312,42.0,1.0,1.0,1.0,1.0,0.00017333559104177197,-6.070726848293342e-06,1.0,0.0,1.0,74.0
EWL,Swiss Index,Region,48.02000045776367,48.06999969482422,47.88999938964844,47.9900016784668,306335.0,603.9099731445312,61.0,1.0,4.0,1.0,2.0,-0.00024073742656254143,-0.00033242311768034673,-1.0,0.0,2.0,15.0
VNQ,REIT ETF,Industry,96.81999969482422,97.08000183105469,96.18499755859375,96.23999786376953,1881541.0,603.9099731445312,73.0,1.0,4.0,1.0,2.0,0.0005041159349668297,0.0005136692791426445,-1.0,0.0,2.0,71.0
IGOV,S&P/Citigroup International Treasury Fund,Income,40.0,40.169700622558594,39.93000030517578,39.970001220703125,46924.0,603.9099731445312,48.0,1.0,1.0,1.0,1.0,8.395766139301674e-05,-0.00012458989356015394,-1.0,0.0,1.0,77.0
EWX,State Street Emerging Mtk Small Caps,Style,61.34000015258789,61.48809814453125,61.1775016784668,61.38999938964844,20394.0,603.9099731445312,82.0,1.0,1.0,3.0,3.0,0.00016650447573230914,9.993983322552633e-05,1.0,0.0,1.0,19.0
SLYV,SPDR S&P 600 Small Cap Value ETF,Style,94.66999816894531,94.66999816894531,93.68499755859375,93.91000366210938,236079.0,603.9099731445312,109.0,1.0,1.0,4.0,5.0,0.0005165041421182127,0.00045020870176097497,-1.0,0.0,2.0,55.0
SJNK,SPDR Short Term HY,Income,25.530000686645508,25.549999237060547,25.5,25.520000457763672,1823902.0,603.9099731445312,15.0,1.0,1.0,1.0,1.0,0.0009522536011995945,0.0008685703983594165,-1.0,0.0,1.0,77.0
KRE,SPDR S&P Regional Banking ETF,Industry,66.94000244140625,67.38999938964844,66.22000122070312,66.5,11658189.0,603.9099731445312,177.0,1.0,1.0,4.0,5.0,0.0006121233499513938,0.000604209474854352,-1.0,0.0,2.0,53.0
SPAB,State Street Total Bond Market,INcome,25.6200008392334,25.6200008392334,25.46380043029785,25.469999313354492,7952873.0,603.9099731445312,26.0,1.0,4.0,1.0,2.0,0.0003124898086902477,0.00011876057940072441,-1.0,0.0,2.0,77.0
IBB,Nasdaq Biotechnology,Industry,141.92999267578125,141.92999267578125,139.85499572753906,140.0,1123593.0,603.9099731445312,99.0,1.0,4.0,4.0,6.0,8.77947857843323e-06,-5.799309670243277e-05,-1.0,0.0,4.0,12.0
ECH,iShares MSCI Chile Capped ETF,Region,25.649999618530273,25.790000915527344,25.610000610351562,25.639999389648438,256542.0,603.9099731445312,85.0,4.0,1.0,3.0,9.0,-0.00020159655436578715,-0.0002999894505913792,1.0,0.0,1.0,1.0
SPMB,SPDR Portfolio Mortgage Backed Bond ETF,Income,22.020000457763672,22.049999237060547,21.950000762939453,21.950000762939453,641766.0,603.9099731445312,29.0,1.0,1.0,1.0,1.0,0.0002955068778361652,0.00013113729590838075,-1.0,0.0,1.0,77.0
RWR,SPDR Wilshire REIT,Industry,106.80000305175781,106.58499908447266,105.76000213623047,105.77999877929688,95880.0,603.9099731445312,72.0,1.0,1.0,1.0,1.0,0.000504722895443333,0.0005424556916992232,-1.0,0.0,1.0,72.0
AGG,Core Total U.S. Bond Market ETF,Income,98.97000122070312,99.05500030517578,98.66999816894531,98.70999908447266,5675236.0,603.9099731445312,26.0,1.0,1.0,1.0,1.0,0.0003125193985904144,0.00011466161008724966,-1.0,0.0,1.0,77.0
MBB,iShares MBS ETF,Income,93.58999633789062,93.7699966430664,93.32499694824219,93.3499984741211,4693731.0,603.9099731445312,29.0,1.0,1.0,1.0,1.0,0.0003019946612099495,0.00012596503243522908,-1.0,0.0,1.0,77.0
BAB,Build America Bond,Income,27.1200008392334,27.09600067138672,26.93400001525879,26.969999313354492,142596.0,603.9099731445312,35.0,1.0,1.0,1.0,1.0,0.0002828671013532915,0.00012181346239297956,-1.0,0.0,1.0,77.0
TIPX,SPDR Barclays 1-10 Year TIPS ETF,Income,18.709999084472656,18.729999542236328,18.700000762939453,18.700000762939453,80897.0,603.9099731445312,15.0,1.0,1.0,1.0,1.0,0.0004057895155292692,0.00021539582869087106,-1.0,0.0,1.0,77.0
XTN,SPDR S&P Transportation ETF,Industry,93.4800033569336,93.5999984741211,92.6520004272461,92.66000366210938,8641.0,603.9099731445312,119.0,1.0,1.0,4.0,5.0,0.0005475223229794333,0.0005383922244310628,-1.0,1.0,2.0,56.0
XHE,SPDR S&P Health Care Equipment ETF,Industry,93.69999694824219,93.75640106201172,93.24009704589844,93.43119812011719,8386.0,603.9099731445312,87.0,1.0,1.0,3.0,3.0,0.00037770173829985683,0.0002750622043361703,-1.0,1.0,1.0,71.0
GNMA,Barclays GNMA Bond Fund,Income,43.9900016784668,44.09000015258789,43.66999816894531,43.720001220703125,13357.0,603.9099731445312,30.0,1.0,1.0,1.0,1.0,0.00026047435111855905,0.00013199833668243148,-1.0,0.0,1.0,77.0
BWX,SPDR Intl Treasury,Income,22.139999389648438,22.18000030517578,22.065000534057617,22.079999923706055,506951.0,603.9099731445312,45.0,1.0,1.0,1.0,1.0,0.00011948553287510279,-0.00014158205584713246,-1.0,0.0,1.0,73.0
SPTL,SPDR Portfolio Long Term Treasury ETF,Income,27.899999618530273,27.899999618530273,27.6299991607666,27.65999984741211,3508077.0,603.9099731445312,67.0,1.0,1.0,1.0,1.0,0.00015244949274301135,-4.772680659909886e-05,-1.0,0.0,1.0,77.0
EBND,SPDR Em Mkts Bnd,Income,19.940000534057617,19.985000610351562,19.886699676513672,19.940000534057617,253885.0,603.9099731445312,42.0,1.0,4.0,1.0,2.0,9.25015917520805e-05,-3.6293984594672326e-05,-1.0,0.0,2.0,77.0
TLT,20+ Year Treasury Bond ETF,Income,93.91999816894531,94.02999877929688,92.9917984008789,93.05999755859375,31967906.0,603.9099731445312,75.0,1.0,1.0,1.0,1.0,0.0001435914499862715,-6.348932295265855e-05,-1.0,0.0,1.0,5.0
FTSL,Senior Loan Fund,Income,46.349998474121094,46.35900115966797,46.32229995727539,46.349998474121094,169064.0,603.9099731445312,11.0,1.0,4.0,1.0,2.0,0.0008207330578255795,0.0007364800692247429,-1.0,0.0,2.0,71.0
NORW,FTSE Norway 30 ETF,Region,25.360000610351562,25.5393009185791,25.200000762939453,25.431499481201172,3904.0,603.9099731445312,89.0,1.0,1.0,3.0,3.0,-3.841701888185821e-05,-9.745669856409041e-05,-1.0,0.0,1.0,75.0
DTRE,FTSE EPRA/NAREIT Developed Markets Real Estate Index Fund,Region,41.279998779296875,41.5099983215332,41.424198150634766,41.5099983215332,378.0,603.9099731445312,69.0,1.0,1.0,1.0,1.0,0.0001819997733683,0.00012946888212476894,-1.0,0.0,1.0,6.0
FXB,British Pound,Currency,121.69999694824219,121.91999816894531,121.6500015258789,121.72000122070312,3851.0,603.9099731445312,36.0,1.0,4.0,1.0,2.0,-7.248861606073511e-05,-0.00020896514716930732,-1.0,0.0,2.0,74.0
BKLN,Senior Loan Portfolio,Income,21.139999389648438,21.139999389648438,21.1299991607666,21.139999389648438,3629828.0,603.9099731445312,10.0,1.0,1.0,1.0,1.0,0.0010164392056603753,0.0009874496481250541,-1.0,0.0,1.0,68.0
EMLC,Market Vectors Emerging Markets Local Currency Bond ETF,Income,23.65999984741211,23.700000762939453,23.635000228881836,23.670000076293945,556251.0,603.9099731445312,41.0,1.0,1.0,1.0,1.0,4.1533435075332766e-05,-9.254990125306287e-05,-1.0,0.0,1.0,77.0
IEF,iShares 7-10 Year Treasury Bond ETF,Income,94.98999786376953,95.0250015258789,94.55999755859375,94.62000274658203,5340380.0,603.9099731445312,32.0,1.0,1.0,1.0,1.0,0.00020593945842675506,1.610031474892658e-05,-1.0,0.0,1.0,77.0
SDIV,SuperDividend ETF,Style,21.729999542236328,21.75,21.611299514770508,21.65999984741211,335735.0,603.9099731445312,64.0,1.0,4.0,1.0,2.0,-5.7354360656200156e-05,-0.00012601331374933244,-1.0,0.0,2.0,63.0
EZA,South Africa,Region,47.36000061035156,47.54999923706055,47.099998474121094,47.459999084472656,71615.0,603.9099731445312,110.0,1.0,4.0,4.0,6.0,0.00022166284873326406,0.00024006139132870863,-1.0,0.0,4.0,16.0
FXE,Euro Trust,Currency,97.11000061035156,97.19499969482422,96.86000061035156,96.95999908447266,15037.0,603.9099731445312,38.0,4.0,4.0,1.0,8.0,-0.0002063641529899519,-0.0003703978184483826,-1.0,0.0,2.0,77.0
SPTI,SPDR Portfolio Intermediate Term Treasury ETF,Income,28.329999923706055,28.33799934387207,28.25,28.260000228881836,1679921.0,603.9099731445312,22.0,1.0,4.0,1.0,2.0,0.00027679882617204986,0.00010125670636378179,-1.0,0.0,2.0,77.0
EWZ,Brazil,Region,25.350000381469727,25.469999313354492,25.155000686645508,25.399999618530273,15934802.0,603.9099731445312,114.0,4.0,4.0,4.0,12.0,-0.00030528595044168654,-0.00016848470560825273,-1.0,0.0,4.0,66.0
VNM,Market Vectors Vietnam ETF,Region,11.640000343322754,11.677499771118164,11.609999656677246,11.619999885559082,302801.0,603.9099731445312,73.0,4.0,4.0,1.0,8.0,-0.00036021211366184784,-0.00044225248942092644,-1.0,1.0,2.0,63.0
FXA,Australian Dollar,Currency,64.19999694824219,64.19000244140625,64.04000091552734,64.19000244140625,4327.0,603.9099731445312,46.0,1.0,4.0,1.0,2.0,-0.00016628673584651214,-0.00020469667199465567,-1.0,0.0,2.0,77.0
XPH,SPDR S&P Pharmaceuticals ETF,Industry,46.294498443603516,46.29460144042969,45.68000030517578,45.70000076293945,11516.0,603.9099731445312,88.0,1.0,4.0,3.0,4.0,0.00027049880967517926,0.00038340179777259084,-1.0,0.0,2.0,73.0
XTL,SPDR S&P Telecom ETF,Industry,110.30000305175781,110.72000122070312,110.35289764404297,110.5,8777.0,603.9099731445312,96.0,1.0,1.0,1.0,1.0,0.0009378802711436257,0.0008706964319895337,1.0,0.0,1.0,55.0
EWS,Singapore,Region,22.790000915527344,22.940000534057617,22.774999618530273,22.90999984741211,729043.0,603.9099731445312,70.0,1.0,1.0,1.0,1.0,0.0006158619218981601,0.0005673840921854866,1.0,0.0,1.0,77.0
ENZL,iShares MSCI New Zealand Capped ETF,Region,48.29999923706055,48.43000030517578,48.0099983215332,48.150001525878906,7125.0,603.9099731445312,75.0,1.0,1.0,1.0,1.0,0.00013614505083245948,1.942557494900474e-05,-1.0,0.0,1.0,77.0
MOO,Market Vectors-Agribusiness ETF,Industry,72.31999969482422,72.41999816894531,71.98999786376953,71.98999786376953,27665.0,603.9099731445312,65.0,1.0,1.0,1.0,1.0,1.3982258481150523e-05,-9.506583511194403e-05,-1.0,0.0,1.0,67.0
SEA,US Sea to Sky Global Cargo ETF,Industry,15.781800270080566,15.840299606323242,15.781800270080566,15.789999961853027,4514.0,603.9099731445312,90.0,4.0,4.0,1.0,8.0,-0.0004840879331244373,-0.0004847895607103366,-1.0,0.0,2.0,4.0
SHY,1-3 Year Treasury Bond ETF,Income,82.0999984741211,82.11000061035156,82.04000091552734,82.05999755859375,3948013.0,603.9099731445312,8.0,1.0,1.0,1.0,1.0,0.0007410262932200382,0.0005882549782649089,-1.0,0.0,1.0,77.0
EUO,ProShares UltraShort Euro,Inverse,33.7599983215332,33.90999984741211,33.689998626708984,33.88999938964844,20229.0,603.9099731445312,79.0,1.0,1.0,4.0,5.0,0.0003512161032994277,0.0005430162568548294,-1.0,0.0,2.0,60.0
FXC,Canadian Dollar,Currency,69.62999725341797,69.61000061035156,69.43000030517578,69.44999694824219,13251.0,603.9099731445312,24.0,4.0,4.0,1.0,8.0,-0.0002252222885504085,-0.00022915843510485504,-1.0,0.0,2.0,69.0
SPTS,SPDR 1-3 Yr Treasury,Income,29.040000915527344,29.040000915527344,29.010000228881836,29.020000457763672,764878.0,603.9099731445312,8.0,1.0,1.0,1.0,1.0,0.000762257858526122,0.000599072480255534,-1.0,0.0,1.0,77.0
GXC,SPDR S&P China ETF,Region,77.36000061035156,77.70999908447266,77.2699966430664,77.4000015258789,19803.0,603.9099731445312,199.0,1.0,4.0,3.0,4.0,8.054826228755062e-05,5.736435193523774e-06,-1.0,0.0,2.0,33.0
YXI,Short FTSE/Xinhua China,Inverse,14.229999542236328,14.229999542236328,14.109999656677246,14.149999618530273,8502.0,603.9099731445312,203.0,4.0,1.0,4.0,11.0,-9.762678024287799e-05,-1.403559240388435e-06,-1.0,0.0,2.0,53.0
PALL,Physical Palladium Shares,Commodity,90.30999755859375,90.46499633789062,89.1449966430664,89.20999908447266,207258.0,603.9099731445312,201.0,1.0,4.0,4.0,6.0,1.857872875222555e-05,2.5515479110031585e-05,-1.0,0.0,4.0,18.0
LIT,Lithium ETF,Commodity,44.68000030517578,44.70000076293945,43.90999984741211,44.369998931884766,239343.0,603.9099731445312,183.0,1.0,4.0,4.0,6.0,0.0001514023628451747,7.98078694258551e-05,-1.0,0.0,4.0,4.0
EIDO,MSCI Indonesia ETF,Region,20.010000228881836,20.020000457763672,19.934999465942383,20.0,419671.0,603.9099731445312,91.0,4.0,4.0,1.0,8.0,-0.0001398756365915856,-8.735450601965965e-05,-1.0,0.0,4.0,22.0
FXF,Swiss Franc,Currency,100.51000213623047,100.57990264892578,100.20999908447266,100.2300033569336,7969.0,603.9099731445312,39.0,1.0,4.0,1.0,2.0,-3.954734417659256e-05,-0.00015122260217438515,-1.0,0.0,2.0,76.0
TAN,Solar ETF,Commodity,37.189998626708984,37.33000183105469,36.779998779296875,36.869998931884766,528893.0,603.9099731445312,211.0,4.0,1.0,4.0,11.0,-0.00022825278979273942,-0.0003602301484274637,1.0,0.0,2.0,17.0
UUP,DB USD Index Bullish,Currency,29.950000762939453,30.028099060058594,29.940099716186523,30.020000457763672,375713.0,603.9099731445312,37.0,1.0,1.0,1.0,1.0,0.00037764559579625393,0.0005901037696079414,-1.0,0.0,1.0,65.0
FXY,Japanese Yen,Currency,62.0,62.09000015258789,61.720001220703125,61.7400016784668,157158.0,603.9099731445312,59.0,1.0,1.0,1.0,1.0,0.00018078387432728877,-8.432551026953373e-05,1.0,0.0,1.0,59.0
THD,MSCI Thailand Capped ETF,Region,64.20999908447266,64.3499984741211,63.826698303222656,64.27999877929688,14420.0,603.9099731445312,97.0,1.0,4.0,3.0,4.0,0.0001735985906615179,0.00011860218233226219,1.0,0.0,2.0,19.0
TUR,MSCI Turkey ETF,Region,36.880001068115234,37.02000045776367,36.84000015258789,37.02000045776367,133093.0,603.9099731445312,121.0,4.0,1.0,3.0,9.0,5.2105463614070985e-05,-8.487654649143989e-05,1.0,0.0,1.0,24.0
TBX,Short 7-10 Year Treasury,Income,29.21500015258789,29.40999984741211,29.209999084472656,29.281299591064453,12089.0,603.9099731445312,35.0,1.0,4.0,1.0,2.0,9.053523061853901e-05,0.00024046788911682852,-1.0,0.0,2.0,65.0
TBF,Short 20+ Year Treasury,Income,23.079999923706055,23.34000015258789,23.09000015258789,23.31999969482422,108497.0,603.9099731445312,74.0,1.0,4.0,1.0,2.0,-1.856597135621228e-05,0.00018113572639030632,-1.0,0.0,2.0,49.0
USDU,Bloomberg U.S. Dollar Bullish Fund,Currency,28.040000915527344,28.06410026550293,27.979999542236328,28.020000457763672,199875.0,603.9099731445312,31.0,1.0,1.0,1.0,1.0,0.00043147004311884247,0.0006451498954469039,-1.0,0.0,1.0,65.0
IDX,Market Vectors Indonesia Index ETF,Region,16.149999618530273,16.149999618530273,16.004499435424805,16.09000015258789,53269.0,603.9099731445312,93.0,4.0,4.0,3.0,10.0,-0.0001528631488898544,-9.154243162822417e-05,-1.0,0.0,4.0,46.0
QCLN,NASDAQ Clean Edge Green Energy Index Fund,Industry,35.81999969482422,35.834999084472656,35.44070053100586,35.5099983215332,68877.0,603.9099731445312,150.0,1.0,1.0,3.0,3.0,2.5945206921491246e-05,-9.357116171833499e-05,1.0,0.0,1.0,6.0
SCO,Â ProShares UltraShort Bloomberg Crude Oil,Inverse,18.030000686645508,18.190000534057617,17.575000762939453,17.700000762939453,1277616.0,603.9099731445312,265.0,1.0,4.0,4.0,6.0,6.692830237073847e-05,3.371936463060213e-05,-1.0,0.0,4.0,20.0
DGZ,Inverse Gold ETN,Inverse,8.569999694824219,8.569999694824219,8.569999694824219,8.569999694824219,100.0,603.6300048828125,147.0,4.0,1.0,4.0,11.0,-6.594607913115072e-05,-0.00011805636680803988,1.0,0.0,2.0,65.0
REK,Short Real Estate,Inverse,16.420000076293945,16.49020004272461,16.450000762939453,16.489999771118164,3564.0,603.9099731445312,79.0,4.0,4.0,4.0,12.0,-0.0003279319263441356,-0.0003541409406008062,-1.0,0.0,4.0,8.0
RWM,Short Russell2000,Inverse,17.40999984741211,17.565000534057617,17.3700008392334,17.520000457763672,5067491.0,603.9099731445312,109.0,4.0,4.0,4.0,12.0,-0.0004005282778067685,-0.00037088064575782295,-1.0,0.0,4.0,19.0
EUM,Inverse Emerging Mkt Index,Inverse,26.649999618530273,26.690000534057617,26.520000457763672,26.559999465942383,25798.0,603.9099731445312,81.0,4.0,1.0,1.0,7.0,0.00011862367633791865,0.00013275898694877237,-1.0,0.0,2.0,28.0
PSQ,Inverse Nasdaq 100,Inverse,37.84000015258789,37.869998931884766,37.599998474121094,37.61000061035156,2015044.0,603.9099731445312,85.0,4.0,4.0,3.0,10.0,-0.00023158541990285706,-0.00021233269078876722,-1.0,0.0,2.0,11.0
SJB,Short High Yield,Inverse,16.270000457763672,16.28809928894043,16.260000228881836,16.288000106811523,835559.0,603.9099731445312,18.0,4.0,4.0,1.0,8.0,-0.0003296221148009804,-0.00022882381782294214,-1.0,0.0,2.0,41.0
EFZ,Short MSCI EAFE,Inverse,16.200000762939453,16.230100631713867,16.174999237060547,16.200000762939453,1106690.0,603.9099731445312,67.0,1.0,4.0,1.0,2.0,0.00019986634560179375,0.00037706062342415873,-1.0,1.0,2.0,40.0
DOG,Short Dow30,Inverse,25.479999542236328,25.63010025024414,25.469999313354492,25.56999969482422,1158273.0,603.9099731445312,63.0,4.0,4.0,1.0,8.0,-0.00045993605095134035,-0.0003987599809743289,-1.0,0.0,2.0,61.0
MYY,Short MidCap400,Inverse,17.899999618530273,17.930999755859375,17.88010025024414,17.979999542236328,740.0,603.9099731445312,83.0,4.0,4.0,4.0,12.0,-0.0003819056882034602,-0.00037084343545749215,-1.0,0.0,4.0,19.0
SMN,ProShares UltraShort Basic Materials,Inverse,13.600000381469727,13.609999656677246,13.430000305175781,13.449999809265137,3000.0,603.6300048828125,131.0,4.0,1.0,3.0,9.0,-3.432756030066317e-05,1.6277828176570745e-05,-1.0,0.0,2.0,29.0
SH,Short S&P500,Inverse,41.77000045776367,41.845001220703125,41.72050094604492,41.75,4005069.0,603.9099731445312,59.0,4.0,4.0,1.0,8.0,-0.0003883668352166522,-0.0003561012248271573,-1.0,0.0,2.0,23.0
SEF,Short Financials,Inverse,34.31999969482422,34.469200134277344,34.399898529052734,34.470001220703125,4660.0,603.9099731445312,90.0,4.0,4.0,3.0,10.0,-0.0005712180408140618,-0.0005547447139937182,-1.0,0.0,2.0,19.0
RWO,Global Real Estate,Region,46.150001525878906,46.20719909667969,45.79999923706055,45.79999923706055,48951.0,603.9099731445312,63.0,1.0,1.0,1.0,1.0,0.0003883921361799341,0.000345822718632647,-1.0,0.0,1.0,77.0
